Time,Event
15.67,failure
22.1,PM
57.82,failure
94.55,failure
110.74,failure
139.95,failure
155.57,PM
175.11,failure
198.76,failure
218.28,failure
223.84,PM
234.28,failure
236.79,PM
261.6,failure
275.54,failure
286.91,failure
308.0,failure
322.15,PM
340.58,failure
379.46,failure
380.31,PM
387.25,failure
389.78,PM
415.83,failure
432.78,PM
471.87,failure
489.54,failure
505.03,PM
523.91,failure
548.74,PM
571.12,failure
615.73,failure
648.21,failure
677.94,failure
684.58,failure
712.0,failure
720.36,failure
751.64,failure
760.49,failure
785.7,PM
805.88,failure
842.45,failure
875.58,failure
893.34,failure
902.5,failure
945.42,failure
959.48,failure
978.98,failure
1011.07,failure
1031.15,failure
1050.21,failure
1068.48,PM
1084.18,failure
1086.17,PM
1088.76,PM
1098.93,PM
1107.53,failure
1108.44,PM
1133.97,failure
1169.52,failure
1177.1,PM
1189.43,failure
1197.59,failure
1203.11,failure
1205.61,PM
1238.04,failure
1259.62,failure
1275.34,failure
1293.0,failure
1304.54,failure
1323.75,failure
1341.43,failure
1372.37,failure
1379.04,failure
1389.13,PM
1415.67,failure
1423.28,failure
1435.95,PM
1487.6,failure
1512.35,failure
1547.82,failure
1594.44,failure
1626.62,failure
1649.05,failure
1697.98,failure
1734.45,failure
1750.72,failure
1778.35,failure
1780.29,PM
1791.55,failure
1827.83,failure
1856.74,failure
1872.76,failure
1881.84,failure
1892.72,failure
1897.86,failure
1909.99,failure
1929.92,failure
1955.81,failure
1989.02,failure
